Description,Water_bill
Water supply - Irrigation system,1
Water Bill - Offices,1
Water and sewer charges,1
Municipal water service,1
Water utility payment,1
Water consumption charges,1
Water service - Main facility,1
Monthly water bill,1
Water usage invoice,1
Water supply charges,1
Water utility - Operations,1
Water service payment,1
Water consumption - Factory,1
Water Bill - Processing plant,1
Monthly water charges,1
Water meter reading charges,1
Water supply invoice,1
Water usage - Industrial,1
Water service charges,1
Water Bill - Warehouse,1
Invoice #45-A Agricultural diesel,0
Payment for legal services,0
Purchase Ammonium Nitrate 10000tons,0
Tractor T-100 Maintenance,0
Invoice #88-B Diesel fuel,0
Office stationery purchase,0
Seed purchase - Wheat variety A,0
Electricity Bill - Irrigation Pumps,0
Pesticide purchase - Herbicide XL,0
Monthly salary payment,0
Insurance premium - Equipment,0
Fertilizer - Potassium mix,0
Harvester maintenance service,0
Accounting software subscription,0
Seed purchase - Corn hybrid B,0
Telephone and internet services,0
Fungicide treatment supplies,0
Warehouse rent payment,0
Irrigation system repair,0
Tax consulting services,0
Water Bill - Irrigation facilities,1
Water consumption - Agricultural,1
Water supply - Production area,1
Monthly water invoice,1
Water service - Manufacturing,1
Water usage charges,1
Water utility bill,1
Water consumption invoice,1
Water Bill - Greenhouse,1
Water supply - Processing,1
Water service invoice,1
Water charges - Operations,1
Monthly water payment,1
Water usage - Facility,1
Water Bill - Livestock,1
Water utility charges,1
Water consumption - Plant,1
Water service - Industrial site,1
Water supply payment,1
Water Bill - Cooling system,1
Vehicle insurance premium,0
Office cleaning services,0
Fertilizer - Nitrogen compound,0
Packaging materials purchase,0
Tractor tire replacement,0
Laboratory soil testing,0
Grain storage facility maintenance,0
Pesticide purchase - Insecticide Pro,0
Office supplies and printer toner,0
Property tax payment,0
Seed purchase - Soybean premium,0
Temporary labor - Planting season,0
Fertilizer - Phosphate blend,0
Equipment transport services,0
Combine harvester annual service,0
Crop insurance premium,0
Electricity Bill - Cold storage,0
Safety equipment and workwear,0
Bank service charges,0
Pesticide purchase - Weed control,0
Water Bill - Administration building,1
Water supply charges - Monthly,1
Water consumption - Warehouse,1
Water service - Factory floor,1
Municipal water invoice,1
Water usage - Processing plant,1
Water Bill - Office complex,1
Water utility payment - Monthly,1
Water charges - Manufacturing,1
Water supply - Industrial facility,1
Water consumption charges - Factory,1
Water service - Distribution center,1
Monthly water usage,1
Water Bill - Production facility,1
Water utility invoice,1
Water supply - Operations center,1
Water charges - Plant operations,1
Water consumption - Office,1
Water service payment - Monthly,1
Water Bill - Equipment cooling,1
Packaging tape and boxes,0
Vehicle fleet maintenance,0
Legal consultation - Contracts,0
Fertilizer - Micronutrient mix,0
Temporary labor - Harvest season,0
Seed treatment chemicals,0
Transport fuel cards top-up,0
Grain dryer maintenance,0
Marketing and advertising,0
Office furniture replacement,0
Fuel purchase - Diesel,0
Machinery repair services,0
Building maintenance,0
Computer equipment purchase,0
Professional consulting fees,0
Annual insurance renewal,0
Pest control services,0
Waste disposal services,0
Security system maintenance,0
Printer lease payment,0
Water Bill - Cleaning operations,1
Water supply invoice - Factory,1
Water consumption - Distribution,1
Water service - Warehouse facility,1
Monthly water bill - Operations,1
Water usage charges - Plant,1
Water utility - Manufacturing site,1
Water charges - Processing facility,1
Water supply payment - Monthly,1
Water Bill - Sanitation,1
Water consumption invoice - Operations,1
Water service - Production area,1
Water usage - Industrial park,1
Water supply charges - Factory,1
Municipal water bill,1
Water Bill - Washroom facilities,1
Water utility charges - Monthly,1
Water consumption - Manufacturing,1
Water service invoice - Facility,1
Water charges - Distribution center,1
Janitorial supplies,0
Fire extinguisher inspection,0
HVAC system maintenance,0
Plumbing repairs,0
Paint and hardware supplies,0
Landscaping services,0
Snow removal services,0
Window cleaning,0
Carpet cleaning services,0
Pest inspection,0
Roof maintenance,0
Door repair services,0
Lock replacement,0
Signage installation,0
Parking lot maintenance,0
Fence repair,0
Lighting fixture replacement,0
Flooring repairs,0
Elevator maintenance,0
Sprinkler system repair,0
Water Bill - Field irrigation,1
Water supply - Warehouse operations,1
Water consumption charges - Production,1
Water service - Office building,1
Monthly water invoice - Factory,1
Water usage - Distribution facility,1
Water Bill - Process water,1
Water utility payment - Operations,1
Water charges - Industrial facility,1
Water supply invoice - Manufacturing,1
Water consumption - Processing unit,1
Water service - Factory operations,1
Water usage charges - Warehouse,1
Water Bill - Boiler feed water,1
Municipal water charges,1
Water supply - Production floor,1
Water consumption invoice - Factory,1
Water service payment - Operations,1
Water charges - Office complex,1
Water Bill - Fire suppression system,1
IT support services,0
Software licensing fees,0
Cloud storage subscription,0
Network maintenance,0
Hardware upgrade costs,0
Cybersecurity services,0
Database management fees,0
Email hosting services,0
Domain registration,0
SSL certificate renewal,0
Backup services,0
Video conferencing subscription,0
Project management software,0
CRM system subscription,0
Antivirus software license,0
Web hosting fees,0
Technical training courses,0
IT consulting services,0
Server maintenance,0
VPN service subscription,0
Water usage invoice - Production,1
Water Bill - Facility operations,1
Water supply charges - Processing,1
Water consumption - Industrial site,1
Water service - Manufacturing plant,1
Monthly water payment - Warehouse,1
Water utility invoice - Factory,1
Water charges - Operations facility,1
Water supply - Distribution operations,1
Water Bill - Cooling towers,1
Water consumption charges - Office,1
Water service invoice - Production,1
Water usage - Factory facility,1
Water supply payment - Operations,1
Water Bill - Steam generation,1
Water utility charges - Manufacturing,1
Water consumption - Warehouse site,1
Water service - Processing operations,1
Water charges - Industrial operations,1
Monthly water bill - Production,1
Employee training programs,0
Health and safety equipment,0
First aid supplies,0
Uniforms and protective gear,0
Employee wellness program,0
Staff recognition awards,0
Team building activities,0
Professional development courses,0
Industry conference fees,0
Trade show participation,0
Business travel expenses,0
Hotel accommodations,0
Meal reimbursements,0
Transportation costs,0
Mileage reimbursement,0
Parking fees,0
Toll road charges,0
Rental car expenses,0
Flight tickets,0
Taxi and ride-sharing,0
Water Bill - Landscaping irrigation,1
Water supply invoice - Operations,1
Water consumption - Factory floor,1
Water service - Distribution warehouse,1
Monthly water usage - Manufacturing,1
Water utility payment - Facility,1
Water charges - Processing plant,1
Water supply - Office operations,1
Water Bill - Drinking water,1
Water consumption invoice - Warehouse,1
Water service - Industrial operations,1
Water usage charges - Factory,1
Water supply charges - Production,1
Water Bill - Laboratory operations,1
Municipal water service - Monthly,1
Water consumption - Operations center,1
Water utility invoice - Processing,1
Water service payment - Factory,1
Water charges - Manufacturing facility,1
Water Bill - Wash stations,1
Office rent payment,0
Property lease,0
Equipment rental,0
Vehicle lease payment,0
Forklift rental,0
Generator rental,0
Scaffolding rental,0
Tool rental,0
Storage unit rental,0
Container rental,0
Trailer rental,0
Conference room rental,0
Event space rental,0
Temporary office rental,0
Parking space lease,0
Land lease payment,0
Billboard rental,0
Display booth rental,0
Audio equipment rental,0
Catering services,0
Water usage - Processing facility,1
Water Bill - Quality control lab,1
Water supply payment - Manufacturing,1
Water consumption charges - Distribution,1
Water service invoice - Operations,1
Monthly water charges - Factory,1
Water utility - Warehouse operations,1
Water charges - Production site,1
Water supply - Industrial park,1
Water Bill - Humidification system,1
Water consumption - Manufacturing area,1
Water service - Factory warehouse,1
Water usage invoice - Operations,1
Water supply charges - Office,1
Water Bill - Cleaning processes,1
Water utility charges - Production,1
Water consumption invoice - Processing,1
Water service - Distribution facility,1
Water charges - Warehouse facility,1
Monthly water payment - Operations,1
Legal filing fees,0
Patent application fees,0
Trademark registration,0
Notary services,0
Document translation,0
Courier services,0
Shipping and freight,0
Customs clearance fees,0
Import duties,0
Export documentation,0
Logistics services,0
Warehousing fees,0
Inventory management,0
Quality control inspection,0
Product testing services,0
Certification fees,0
Compliance auditing,0
Environmental assessment,0
Safety inspection,0
Equipment calibration,0
Water Bill - Equipment washing,1
Water supply invoice - Factory floor,1
Water consumption - Warehouse operations,1
Water service - Production facility,1
Monthly water bill - Manufacturing,1
Water usage charges - Distribution,1
Water utility payment - Processing,1
Water charges - Operations warehouse,1
Water supply - Factory operations,1
Water Bill - Chiller plant,1
Water consumption charges - Industrial,1
Water service invoice - Warehouse,1
Water usage - Production operations,1
Water supply payment - Factory,1
Water Bill - Agricultural use,1
Municipal water invoice - Operations,1
Water consumption - Office facility,1
Water utility charges - Manufacturing,1
Water service - Processing center,1
Water charges - Distribution operations,1
Advertising campaign,0
Social media marketing,0
Print advertising,0
Radio advertising,0
Television commercial,0
Online advertising,0
Billboard advertising,0
Promotional materials,0
Brochure printing,0
Business card printing,0
Catalog production,0
Website development,0
SEO services,0
Content creation,0
Graphic design services,0
Photography services,0
Video production,0
Market research,0
Customer survey,0
Brand consulting,0
Water Bill - Crop irrigation,1
Water supply charges - Warehouse,1
Water consumption invoice - Production,1
Water service - Office complex,1
Monthly water usage - Factory,1
Water utility invoice - Distribution,1
Water charges - Manufacturing operations,1
Water supply - Processing warehouse,1
Water Bill - Dust suppression,1
Water consumption - Factory management,1
Water service payment - Warehouse,1
Water usage charges - Operations,1
Water supply invoice - Production,1
Water Bill - Vehicle washing,1
Water utility charges - Processing,1
Water consumption charges - Factory,1
Water service - Industrial facility,1
Water charges - Warehouse district,1
Monthly water payment - Manufacturing,1
Water Bill - Spray systems,1
Medical services,0
Health screening,0
Occupational health assessment,0
Drug testing services,0
Employee physical exams,0
Vaccination program,0
Mental health services,0
Physiotherapy services,0
Dental services,0
Vision care services,0
Hearing tests,0
Ergonomic assessment,0
Workplace wellness program,0
Gym membership,0
Nutrition counseling,0
Stress management workshop,0
Health insurance premium,0
Life insurance premium,0
Disability insurance,0
Workers compensation insurance,0
Water usage invoice - Manufacturing,1
Water Bill - Food processing,1
Water supply payment - Operations,1
Water consumption - Distribution center,1
Water service invoice - Factory,1
Monthly water charges - Processing,1
Water utility payment - Warehouse,1
Water charges - Production facility,1
Water supply - Operations district,1
Water Bill - Restroom facilities,1
Water consumption invoice - Manufacturing,1
Water service - Factory district,1
Water usage - Warehouse management,1
Water supply charges - Distribution,1
Water Bill - Heating system,1
Municipal water bill - Operations,1
Water consumption charges - Processing,1
Water utility invoice - Factory,1
Water service - Production warehouse,1
Water charges - Operations facility,1
Accounting services,0
Bookkeeping services,0
Payroll processing,0
Tax preparation,0
Financial auditing,0
Budget consulting,0
Financial planning,0
Investment advisory,0
Credit check services,0
Collection agency fees,0
Bank loan interest,0
Credit card processing fees,0
Merchant services,0
Wire transfer fees,0
Currency exchange fees,0
Check printing,0
Cashier check fees,0
Safe deposit box,0
Treasury services,0
Financial software,0
Water Bill - Mixing processes,1
Water supply invoice - Warehouse,1
Water consumption - Operations building,1
Water service - Distribution warehouse,1
Monthly water usage - Production,1
Water utility charges - Factory,1
Water charges - Manufacturing warehouse,1
Water supply - Processing operations,1
Water Bill - Conveyor cleaning,1
Water consumption charges - Office,1
Water service payment - Production,1
Water usage invoice - Factory,1
Water supply payment - Manufacturing,1
Water Bill - Tank cleaning,1
Water utility invoice - Operations,1
Water consumption - Processing facility,1
Water service - Warehouse operations,1
Water charges - Industrial warehouse,1
Monthly water bill - Factory,1
Water Bill - Floor cleaning,1
Recruitment agency fees,0
Job posting fees,0
Background check services,0
Interview expenses,0
Relocation expenses,0
Signing bonus,0
Referral bonus,0
Performance bonus,0
Holiday bonus,0
Overtime payment,0
Commission payment,0
Profit sharing,0
Retirement contribution,0
Severance payment,0
Exit interview services,0
Outplacement services,0
HR consulting,0
Employee handbook printing,0
Personnel file management,0
Time tracking software,0
Water usage charges - Processing,1
Water Bill - Evaporative cooling,1
Water supply charges - Operations,1
Water consumption invoice - Factory,1
Water service invoice - Manufacturing,1
Monthly water payment - Distribution,1
Water utility payment - Production,1
Water charges - Warehouse operations,1
Water supply - Factory facility,1
Water Bill - Compressor cooling,1
Water consumption - Manufacturing facility,1
Water service - Operations warehouse,1
Water usage - Distribution operations,1
Water supply invoice - Processing,1
Water Bill - Air conditioning,1
Municipal water charges - Factory,1
Water consumption charges - Warehouse,1
Water utility invoice - Manufacturing,1
Water service - Production district,1
Water charges - Processing operations,1
Cleaning supplies,0
Disinfectants and sanitizers,0
Paper products,0
Trash bags,0
Recycling services,0
Waste management,0
Hazardous waste disposal,0
Shredding services,0
Document storage,0
Records management,0
Archive services,0
Microfilm services,0
Scanning services,0
Data entry services,0
Transcription services,0
Translation services,0
Interpretation services,0
Proofreading services,0
Editing services,0
Writing services,0
Water Bill - Pressure testing,1
Water supply payment - Warehouse,1
Water consumption - Factory operations,1
Water service - Processing district,1
Monthly water invoice - Operations,1
Water utility charges - Distribution,1
Water charges - Production operations,1
Water supply - Manufacturing site,1
Water Bill - Hydrostatic testing,1
Water consumption invoice - Operations,1
Water service payment - Factory,1
Water usage charges - Warehouse,1
Water supply charges - Manufacturing,1
Water Bill - Parts washing,1
Water utility payment - Processing,1
Water consumption - Production site,1
Water service invoice - Distribution,1
Water charges - Factory operations,1
Monthly water usage - Warehouse,1
Water Bill - Dilution processes,1
Technical manuals,0
Industry publications,0
Trade magazines,0
Newspaper subscriptions,0
Journal subscriptions,0
Research reports,0
Market analysis,0
Competitive intelligence,0
Industry benchmarking,0
Statistical data,0
Reference books,0
Training materials,0
E-learning platform,0
Online courses,0
Certification programs,0
License renewals,0
Professional memberships,0
Chamber of commerce dues,0
Trade association fees,0
Industry awards entry fees,0
Water usage invoice - Distribution,1
Water Bill - Rinsing operations,1
Water supply invoice - Manufacturing,1
Water consumption charges - Production,1
Water service - Warehouse district,1
Monthly water bill - Processing,1
Water utility invoice - Operations,1
Water charges - Factory warehouse,1
Water supply - Distribution facility,1
Water Bill - Product cooling,1
Water consumption - Manufacturing operations,1
Water service - Production facility,1
Water usage payment - Operations,1
Water supply charges - Factory,1
Water Bill - Sanitization,1
Municipal water service - Factory,1
Water consumption invoice - Distribution,1
Water utility charges - Warehouse,1
Water service payment - Manufacturing,1
Water charges - Operations center,1
Natural gas bill,0
Propane delivery,0
Fuel oil delivery,0
Coal delivery,0
Biomass fuel,0
Steam supply,0
Compressed air service,0
Nitrogen supply,0
Oxygen supply,0
Welding gas,0
Industrial gases,0
Coolant supply,0
Lubricant purchase,0
Hydraulic fluid,0
Cutting fluid,0
Cleaning solvents,0
Degreasing chemicals,0
Industrial chemicals,0
Raw material purchase,0
Electricity Bill - Processing unit,0
Water Bill - Chemical mixing,1
Water supply payment - Production,1
Water consumption - Warehouse facility,1
Water service invoice - Operations,1
Monthly water charges - Manufacturing,1
Water utility payment - Factory,1
Water charges - Processing warehouse,1
Water supply - Production operations,1
Water Bill - Surface treatment,1
Water consumption charges - Distribution,1
Water service - Factory management,1
Water usage invoice - Warehouse,1
Water supply invoice - Operations,1
Water Bill - Batch processing,1
Water utility charges - Production,1
Water consumption - Processing operations,1
Water service - Manufacturing district,1
Water charges - Warehouse management,1
Monthly water payment - Factory,1
Water Bill - Tool cooling,1
Component purchases,0
Spare parts inventory,0
Replacement parts,0
Consumable supplies,0
Fasteners and hardware,0
Bearings and seals,0
Filters and screens,0
Belts and chains,0
Motors and drives,0
Sensors and switches,0
Valves and fittings,0
Pipes and tubing,0
Cables and wiring,0
Circuit breakers,0
Fuses and relays,0
Connectors and terminals,0
Gaskets and O-rings,0
Adhesives and sealants,0
Cutting tools,0
Abrasives and grinding wheels,0
Water usage charges - Manufacturing,1
Water Bill - Slurry preparation,1
Water supply charges - Processing,1
Water consumption invoice - Warehouse,1
Water service - Operations facility,1
Monthly water usage - Factory,1
Water utility invoice - Distribution,1
Water charges - Production warehouse,1
Water supply - Manufacturing operations,1
Water Bill - Concrete mixing,1
Water consumption - Factory district,1
Water service payment - Processing,1
Water usage - Operations warehouse,1
Water supply payment - Distribution,1
Water Bill - Emissions control,1
Municipal water invoice - Manufacturing,1
Water consumption charges - Operations,1
Water utility charges - Factory,1
Water service invoice - Production,1
Water charges - Warehouse facility,1
Laboratory equipment maintenance,0
Calibration services,0
Metrology services,0
Testing equipment rental,0
Measurement instruments,0
Analysis services,0
Sample testing,0
Material analysis,0
Chemical analysis,0
Spectroscopy services,0
Chromatography services,0
Microscopy services,0
X-ray services,0
Ultrasonic testing,0
Magnetic particle testing,0
Dye penetrant testing,0
Eddy current testing,0
Radiographic testing,0
Hardness testing,0
Tensile testing,0
Water Bill - Feedwater treatment,1
Water supply invoice - Production,1
Water consumption - Distribution warehouse,1
Water service - Factory operations,1
Monthly water bill - Operations,1
Water utility payment - Manufacturing,1
Water charges - Processing facility,1
Water supply - Warehouse operations,1
Water Bill - Clarification process,1
Water consumption invoice - Factory,1
Water service - Production operations,1
Water usage charges - Distribution,1
Water supply charges - Operations,1
Water Bill - Ion exchange,1
Water utility charges - Processing,1
Water consumption - Manufacturing warehouse,1
Water service payment - Warehouse,1
Water charges - Factory facility,1
Monthly water payment - Production,1
Water Bill - Filtration system,1
Foundry services,0
Casting services,0
Forging services,0
Stamping services,0
Machining services,0
Milling services,0
Turning services,0
Grinding services,0
Drilling services,0
Boring services,0
Welding services,0
Brazing services,0
Soldering services,0
Heat treatment,0
Annealing services,0
Hardening services,0
Tempering services,0
Carburizing services,0
Nitriding services,0
Surface treatment,0
Water usage invoice - Operations,1
Water Bill - Potable water supply,1
Water supply payment - Factory,1
Water consumption charges - Manufacturing,1
Water service invoice - Distribution,1
Monthly water charges - Warehouse,1
Water utility invoice - Production,1
Water charges - Operations district,1
Water supply - Processing facility,1
Water Bill - Non-potable water,1
Water consumption - Warehouse operations,1
Water service - Factory warehouse,1
Water usage - Manufacturing facility,1
Water supply invoice - Operations,1
Water Bill - Gray water system,1
Municipal water bill - Production,1
Water consumption invoice - Processing,1
Water utility charges - Distribution,1
Water service - Operations complex,1
Water charges - Manufacturing district,1
Painting services,0
Powder coating,0
Electroplating,0
Galvanizing services,0
Anodizing services,0
Polishing services,0
Buffing services,0
Sandblasting services,0
Shot peening,0
Deburring services,0
Tumbling services,0
Vibratory finishing,0
Laser marking,0
Engraving services,0
Screen printing,0
Pad printing,0
Labeling services,0
Packaging design,0
Product assembly,0
Kit assembly,0
Water Bill - Rainwater harvesting,1
Water supply charges - Distribution,1
Water consumption - Production warehouse,1
Water service payment - Operations,1
Monthly water usage - Manufacturing,1
Water utility payment - Factory,1
Water charges - Warehouse complex,1
Water supply - Operations facility,1
Water Bill - Deionized water,1
Water consumption charges - Processing,1
Water service invoice - Factory,1
Water usage invoice - Production,1
Water supply payment - Manufacturing,1
Water Bill - Reverse osmosis,1
Water utility invoice - Warehouse,1
Water consumption - Operations management,1
Water service - Distribution operations,1
Water charges - Processing district,1
Monthly water bill - Manufacturing,1
Water Bill - Demineralized water,1